onset	duration	sample	trial_type	channel	stim_description
0.0	190.72	0	song	n/a	Another Brick in the Wall, Part 1 (Pink Floyd), whole song; HFA is temporally aligned to the song (not redistributed here)
26.95	2.0	2695	outlier_samples	1	n/a
26.95	2.0	2695	outlier_samples	10	n/a
26.95	2.0	2695	outlier_samples	11	n/a
26.95	2.0	2695	outlier_samples	12	n/a
26.95	2.0	2695	outlier_samples	13	n/a
26.95	2.0	2695	outlier_samples	14	n/a
26.95	2.0	2695	outlier_samples	15	n/a
26.95	2.0	2695	outlier_samples	16	n/a
26.95	2.0	2695	outlier_samples	17	n/a
26.95	2.0	2695	outlier_samples	18	n/a
26.95	2.0	2695	outlier_samples	19	n/a
26.95	2.0	2695	outlier_samples	2	n/a
26.95	2.0	2695	outlier_samples	20	n/a
26.95	2.0	2695	outlier_samples	21	n/a
26.95	2.0	2695	outlier_samples	22	n/a
26.95	2.0	2695	outlier_samples	23	n/a
26.95	2.0	2695	outlier_samples	24	n/a
26.95	2.0	2695	outlier_samples	25	n/a
26.95	2.0	2695	outlier_samples	26	n/a
26.95	2.0	2695	outlier_samples	27	n/a
26.95	2.0	2695	outlier_samples	28	n/a
26.95	2.0	2695	outlier_samples	29	n/a
26.95	2.0	2695	outlier_samples	3	n/a
26.95	2.0	2695	outlier_samples	30	n/a
26.95	2.0	2695	outlier_samples	31	n/a
26.95	2.0	2695	outlier_samples	32	n/a
26.95	2.0	2695	outlier_samples	33	n/a
26.95	2.0	2695	outlier_samples	34	n/a
26.95	2.0	2695	outlier_samples	35	n/a
26.95	2.0	2695	outlier_samples	36	n/a
26.95	2.0	2695	outlier_samples	37	n/a
26.95	2.0	2695	outlier_samples	38	n/a
26.95	2.0	2695	outlier_samples	39	n/a
26.95	2.0	2695	outlier_samples	4	n/a
26.95	2.0	2695	outlier_samples	40	n/a
26.95	2.0	2695	outlier_samples	41	n/a
26.95	2.0	2695	outlier_samples	42	n/a
26.95	2.0	2695	outlier_samples	43	n/a
26.95	2.0	2695	outlier_samples	44	n/a
26.95	2.0	2695	outlier_samples	45	n/a
26.95	2.0	2695	outlier_samples	46	n/a
26.95	2.0	2695	outlier_samples	47	n/a
26.95	2.0	2695	outlier_samples	48	n/a
26.95	2.0	2695	outlier_samples	49	n/a
26.95	2.0	2695	outlier_samples	5	n/a
26.95	2.0	2695	outlier_samples	50	n/a
26.95	2.0	2695	outlier_samples	51	n/a
26.95	2.0	2695	outlier_samples	52	n/a
26.95	2.0	2695	outlier_samples	53	n/a
26.95	2.0	2695	outlier_samples	54	n/a
26.95	2.0	2695	outlier_samples	55	n/a
26.95	2.0	2695	outlier_samples	56	n/a
26.95	2.0	2695	outlier_samples	57	n/a
26.95	2.0	2695	outlier_samples	58	n/a
26.95	2.0	2695	outlier_samples	59	n/a
26.95	2.0	2695	outlier_samples	6	n/a
26.95	2.0	2695	outlier_samples	60	n/a
26.95	2.0	2695	outlier_samples	61	n/a
26.95	2.0	2695	outlier_samples	62	n/a
26.95	2.0	2695	outlier_samples	63	n/a
26.95	2.0	2695	outlier_samples	64	n/a
26.95	2.0	2695	outlier_samples	65	n/a
26.95	2.0	2695	outlier_samples	66	n/a
26.95	2.0	2695	outlier_samples	67	n/a
26.95	2.0	2695	outlier_samples	68	n/a
26.95	2.0	2695	outlier_samples	69	n/a
26.95	2.0	2695	outlier_samples	7	n/a
26.95	2.0	2695	outlier_samples	70	n/a
26.95	2.0	2695	outlier_samples	71	n/a
26.95	2.0	2695	outlier_samples	72	n/a
26.95	2.0	2695	outlier_samples	73	n/a
26.95	2.0	2695	outlier_samples	74	n/a
26.95	2.0	2695	outlier_samples	75	n/a
26.95	2.0	2695	outlier_samples	76	n/a
26.95	2.0	2695	outlier_samples	77	n/a
26.95	2.0	2695	outlier_samples	78	n/a
26.95	2.0	2695	outlier_samples	79	n/a
26.95	2.0	2695	outlier_samples	8	n/a
26.95	2.0	2695	outlier_samples	80	n/a
26.95	2.0	2695	outlier_samples	81	n/a
26.95	2.0	2695	outlier_samples	82	n/a
26.95	2.0	2695	outlier_samples	83	n/a
26.95	2.0	2695	outlier_samples	84	n/a
26.95	2.0	2695	outlier_samples	85	n/a
26.95	2.0	2695	outlier_samples	86	n/a
26.95	2.0	2695	outlier_samples	87	n/a
26.95	2.0	2695	outlier_samples	88	n/a
26.95	2.0	2695	outlier_samples	89	n/a
26.95	2.0	2695	outlier_samples	9	n/a
26.95	2.0	2695	outlier_samples	90	n/a
26.95	2.0	2695	outlier_samples	91	n/a
26.95	2.0	2695	outlier_samples	92	n/a
26.95	2.0	2695	outlier_samples	93	n/a
26.95	2.0	2695	outlier_samples	94	n/a
26.95	2.0	2695	outlier_samples	95	n/a
26.95	2.0	2695	outlier_samples	96	n/a
26.95	2.0	2695	outlier_samples	97	n/a
