participant_id	source_id	implantation_laterality	n_electrodes
sub-P01	P1	rh	64
sub-P02	P2	lh	64
sub-P03	P3	rh	64
sub-P04	P4	rh	99
sub-P05	P5	lh	93
sub-P06	P6	lh	83
sub-P07	P7	lh	101
sub-P08	P8	lh	76
sub-P09	P9	lh	109
sub-P10	P10	lh	97
sub-P11	P11	lh	96
sub-P12	P12	rh	111
sub-P13	P13	rh	94
sub-P14	P14	lh	58
sub-P15	P15	lh	120
sub-P16	P16	lh	60
sub-P17	P17	lh	59
sub-P18	P18	lh	128
sub-P19	P19	lh	98
sub-P20	P20	rh	71
sub-P21	P21	rh	109
sub-P22	P22	lh	134
sub-P23	P23	lh	98
sub-P24	P24	lh	60
sub-P25	P25	rh	76
sub-P26	P26	lh	81
sub-P27	P27	lrh	36
sub-P28	P28	rh	79
sub-P29	P29	rh	250
