name	x	y	z	size	anat_label
1	-54.13074493408203	33.00465393066406	-10.858390808105469	n/a	ctx-lh-parsorbitalis
2	-56.347503662109375	24.4172306060791	-5.525213241577148	n/a	ctx-lh-parstriangularis
3	-58.581809997558594	16.09817123413086	0.7378807067871094	n/a	ctx-lh-parsopercularis
4	-63.41879653930664	6.745645046234131	7.696990966796875	n/a	ctx-lh-precentral
5	-65.87700653076172	-2.777833938598633	12.779295921325684	n/a	ctx-lh-postcentral
6	-67.35336303710938	-13.026755332946777	19.389455795288086	n/a	ctx-lh-postcentral
7	-66.92692565917969	-23.688291549682617	22.929595947265625	n/a	ctx-lh-postcentral
8	-65.9147720336914	-34.189369201660156	28.053234100341797	n/a	ctx-lh-supramarginal
9	-56.3355598449707	38.45581817626953	0.9275794625282288	n/a	ctx-lh-parstriangularis
10	-58.47100067138672	28.326719284057617	6.265761852264404	n/a	ctx-lh-parstriangularis
11	-61.072364807128906	21.11018943786621	12.85444164276123	n/a	ctx-lh-parsopercularis
12	-63.289207458496094	10.360777854919434	19.186769485473633	n/a	ctx-lh-precentral
13	-64.37409210205078	0.3205825090408325	24.658405303955078	n/a	ctx-lh-precentral
14	-64.71678924560547	-9.521873474121094	31.32781982421875	n/a	ctx-lh-postcentral
15	-64.63551330566406	-18.84075164794922	35.06535339355469	n/a	ctx-lh-postcentral
16	-63.28385543823242	-29.17535400390625	40.957969665527344	n/a	ctx-lh-supramarginal
17	-52.37800979614258	41.86252975463867	12.966707229614258	n/a	ctx-lh-rostralmiddlefrontal
18	-55.33283615112305	33.27732849121094	18.183385848999023	n/a	ctx-lh-parstriangularis
19	-58.61804962158203	24.463090896606445	25.649635314941406	n/a	ctx-lh-parsopercularis
20	-60.611480712890625	14.358353614807129	31.381216049194336	n/a	ctx-lh-parsopercularis
21	-60.19749450683594	4.856759548187256	37.785308837890625	n/a	ctx-lh-precentral
22	-59.69968795776367	-5.580080509185791	42.1912727355957	n/a	ctx-lh-precentral
23	-58.92475509643555	-14.99586296081543	46.07434844970703	n/a	ctx-lh-postcentral
24	-57.786251068115234	-25.526351928710938	50.73410415649414	n/a	ctx-lh-postcentral
25	-46.8051872253418	46.537841796875	22.327882766723633	n/a	ctx-lh-rostralmiddlefrontal
26	-49.0758056640625	38.22064208984375	29.255340576171875	n/a	ctx-lh-rostralmiddlefrontal
27	-51.57946014404297	28.35860252380371	36.35411834716797	n/a	ctx-lh-rostralmiddlefrontal
28	-53.839351654052734	18.779748916625977	40.802284240722656	n/a	ctx-lh-rostralmiddlefrontal
29	-53.49202346801758	8.404988288879395	46.63249969482422	n/a	ctx-lh-caudalmiddlefrontal
30	-52.3358039855957	-3.4864306449890137	52.315330505371094	n/a	ctx-lh-precentral
31	-50.95466613769531	-11.962215423583984	55.41702651977539	n/a	ctx-lh-precentral
32	-51.122066497802734	-21.682870864868164	59.824989318847656	n/a	ctx-lh-precentral
33	-38.80842590332031	47.814659118652344	32.03861999511719	n/a	ctx-lh-rostralmiddlefrontal
34	-41.238380432128906	38.91539764404297	38.59153366088867	n/a	ctx-lh-rostralmiddlefrontal
35	-43.54993438720703	31.25238609313965	44.58550262451172	n/a	ctx-lh-rostralmiddlefrontal
36	-44.8951416015625	20.850141525268555	50.17888641357422	n/a	ctx-lh-rostralmiddlefrontal
37	-45.2878303527832	10.35166072845459	53.87880325317383	n/a	ctx-lh-caudalmiddlefrontal
38	-44.98552703857422	0.4741649627685547	59.3994255065918	n/a	ctx-lh-caudalmiddlefrontal
39	-43.2043342590332	-9.864212989807129	63.576988220214844	n/a	ctx-lh-precentral
40	-42.85783767700195	-19.42866325378418	66.84817504882812	n/a	ctx-lh-precentral
41	-29.103626251220703	48.88009262084961	38.39106750488281	n/a	ctx-lh-rostralmiddlefrontal
42	-31.313570022583008	39.473018646240234	45.064640045166016	n/a	ctx-lh-rostralmiddlefrontal
43	-34.514957427978516	32.48421096801758	50.66627502441406	n/a	ctx-lh-rostralmiddlefrontal
44	-36.550376892089844	23.218505859375	56.68217086791992	n/a	ctx-lh-superiorfrontal
45	-34.713722229003906	12.216604232788086	62.05812454223633	n/a	ctx-lh-caudalmiddlefrontal
46	-33.5527458190918	1.8405689001083374	66.4078598022461	n/a	ctx-lh-caudalmiddlefrontal
47	-36.33627700805664	-7.297043323516846	67.9305191040039	n/a	ctx-lh-caudalmiddlefrontal
48	-34.95268630981445	-17.925451278686523	71.34803009033203	n/a	ctx-lh-precentral
49	-41.97924041748047	-60.41958999633789	58.38667297363281	n/a	ctx-lh-inferiorparietal
50	-42.72159194946289	-50.64398193359375	61.09675216674805	n/a	ctx-lh-superiorparietal
51	-44.97820281982422	-40.972171783447266	63.75396728515625	n/a	ctx-lh-postcentral
52	-45.17964553833008	-32.69314193725586	65.87752532958984	n/a	ctx-lh-postcentral
53	-49.37142562866211	-59.957916259765625	50.86711883544922	n/a	ctx-lh-supramarginal
54	-52.11592483520508	-50.6340446472168	53.57969284057617	n/a	ctx-lh-supramarginal
55	-52.000370025634766	-42.07470703125	56.766319274902344	n/a	ctx-lh-supramarginal
56	-52.93849563598633	-32.70150375366211	57.49828338623047	n/a	ctx-lh-postcentral
57	-54.91816329956055	-59.042118072509766	42.47775650024414	n/a	ctx-lh-supramarginal
58	-56.8996467590332	-48.83201217651367	46.58354949951172	n/a	ctx-lh-supramarginal
59	-58.75607681274414	-40.24519348144531	47.31874465942383	n/a	ctx-lh-supramarginal
60	-59.11476516723633	-28.997577667236328	48.57509994506836	n/a	ctx-lh-postcentral
61	-58.99148941040039	-57.595069885253906	32.83824920654297	n/a	ctx-lh-supramarginal
62	-61.61715316772461	-49.14684295654297	35.96120071411133	n/a	ctx-lh-supramarginal
63	-62.87936782836914	-40.44313049316406	38.68111038208008	n/a	ctx-lh-supramarginal
64	-63.848548889160156	-29.94487190246582	39.58165740966797	n/a	ctx-lh-supramarginal
65	-65.91458892822266	-37.04185104370117	26.169002532958984	n/a	ctx-lh-supramarginal
66	-66.99348449707031	-38.11397933959961	18.404985427856445	n/a	ctx-lh-superiortemporal
67	-68.40898895263672	-40.6511344909668	10.740592956542969	n/a	ctx-lh-superiortemporal
68	-69.64321899414062	-41.95235061645508	4.943612575531006	n/a	ctx-lh-superiortemporal
69	-66.6205062866211	-31.898548126220703	23.20842170715332	n/a	ctx-lh-supramarginal
70	-67.49176025390625	-32.9412956237793	17.059345245361328	n/a	ctx-lh-superiortemporal
71	-69.18926239013672	-34.32608413696289	10.601799964904785	n/a	ctx-lh-superiortemporal
72	-71.69873809814453	-35.869667053222656	1.5711431503295898	n/a	ctx-lh-superiortemporal
73	-67.09617614746094	-25.45330238342285	21.047344207763672	n/a	ctx-lh-supramarginal
74	-67.90187072753906	-26.314767837524414	14.706894874572754	n/a	ctx-lh-superiortemporal
75	-69.59696960449219	-28.843425750732422	9.034380912780762	n/a	ctx-lh-superiortemporal
76	-71.89793395996094	-30.719736099243164	-1.194628119468689	n/a	ctx-lh-superiortemporal
77	-67.43531799316406	-19.33706283569336	19.143335342407227	n/a	ctx-lh-superiortemporal
78	-68.18946075439453	-20.73052406311035	11.856193542480469	n/a	ctx-lh-superiortemporal
79	-69.87584686279297	-22.12346649169922	4.239981651306152	n/a	ctx-lh-superiortemporal
80	-70.97630310058594	-23.36710548400879	-4.204586982727051	n/a	ctx-lh-superiortemporal
81	-67.44567108154297	-12.757440567016602	16.240446090698242	n/a	ctx-lh-superiortemporal
82	-67.67230987548828	-14.265042304992676	8.289289474487305	n/a	ctx-lh-superiortemporal
83	-68.57184600830078	-15.386763572692871	1.791366696357727	n/a	ctx-lh-superiortemporal
84	-69.86386108398438	-18.442935943603516	-7.004885196685791	n/a	ctx-lh-middletemporal
85	-66.75492858886719	-7.3635735511779785	13.191763877868652	n/a	ctx-lh-superiortemporal
86	-66.84916687011719	-8.944620132446289	6.168682098388672	n/a	ctx-lh-superiortemporal
87	-67.36981201171875	-9.833154678344727	-0.2586274743080139	n/a	ctx-lh-superiortemporal
88	-68.16606140136719	-10.43492317199707	-9.486624717712402	n/a	ctx-lh-middletemporal
89	-65.24150848388672	-0.4501337707042694	10.855504989624023	n/a	ctx-lh-precentral
90	-65.3519515991211	-2.1042087078094482	3.9050464630126953	n/a	ctx-lh-superiortemporal
91	-65.4344711303711	-3.1735165119171143	-2.8632359504699707	n/a	ctx-lh-superiortemporal
92	-65.74793243408203	-5.005997180938721	-11.989777565002441	n/a	ctx-lh-middletemporal
93	-65.59192657470703	-9.217855453491211	-24.1408634185791	n/a	ctx-lh-inferiortemporal
94	-58.187042236328125	-15.861371994018555	-33.616844177246094	n/a	ctx-lh-inferiortemporal
95	-49.1734733581543	-20.856115341186523	-34.490604400634766	n/a	ctx-lh-inferiortemporal
96	-63.652671813964844	5.46690034866333	7.535252094268799	n/a	ctx-lh-precentral
97	-63.11211013793945	4.2721991539001465	0.6921586394309998	n/a	ctx-lh-superiortemporal
98	-62.979312896728516	2.4869511127471924	-5.898159027099609	n/a	ctx-lh-superiortemporal
99	-63.99216842651367	-1.0444141626358032	-15.449872970581055	n/a	ctx-lh-middletemporal
100	-63.162052154541016	-5.168924808502197	-27.90128517150879	n/a	ctx-lh-inferiortemporal
101	-56.39455032348633	-11.133715629577637	-37.677886962890625	n/a	ctx-lh-inferiortemporal
102	-49.540443420410156	-16.38906478881836	-37.97078323364258	n/a	ctx-lh-inferiortemporal
103	-61.21107864379883	11.52890682220459	3.797213315963745	n/a	ctx-lh-precentral
104	-60.58539581298828	9.09684944152832	-3.1639204025268555	n/a	ctx-lh-superiortemporal
105	-60.151390075683594	8.558775901794434	-8.056004524230957	n/a	ctx-lh-superiortemporal
106	-60.277225494384766	7.00756311416626	-14.974020004272461	n/a	ctx-lh-superiortemporal
107	-58.82331466674805	0.6487463712692261	-33.629920959472656	n/a	ctx-lh-middletemporal
108	-53.58113479614258	-7.112569332122803	-41.61344528198242	n/a	ctx-lh-middletemporal
109	-46.85761642456055	-13.251787185668945	-40.9794807434082	n/a	ctx-lh-inferiortemporal
110	-58.192848205566406	18.147106170654297	-0.0962727889418602	n/a	ctx-lh-parsopercularis
111	-58.22789764404297	13.985365867614746	-5.233555793762207	n/a	ctx-lh-superiortemporal
112	-57.8234748840332	13.338935852050781	-12.333061218261719	n/a	ctx-lh-superiortemporal
113	-57.53234100341797	10.739546775817871	-21.219039916992188	n/a	ctx-lh-superiortemporal
114	-55.25529861450195	6.996565341949463	-36.07639694213867	n/a	ctx-lh-middletemporal
115	-49.860965728759766	-2.081894636154175	-44.14458084106445	n/a	ctx-lh-inferiortemporal
116	-39.37459182739258	-7.793790340423584	-45.25347137451172	n/a	ctx-lh-inferiortemporal
117	-57.20343017578125	21.499143600463867	-3.306079387664795	n/a	ctx-lh-parstriangularis
118	-56.5894889831543	18.9355411529541	-8.153240203857422	n/a	ctx-lh-parsorbitalis
119	-55.093082427978516	18.549406051635742	-16.983882904052734	n/a	ctx-lh-superiortemporal
120	-54.422367095947266	16.916074752807617	-24.121139526367188	n/a	ctx-lh-superiortemporal
121	-51.613037109375	11.908116340637207	-36.96879577636719	n/a	ctx-lh-middletemporal
122	-44.635215759277344	3.8079640865325928	-44.43309783935547	n/a	ctx-lh-middletemporal
123	-37.450748443603516	-2.6301913261413574	-46.48872756958008	n/a	ctx-lh-inferiortemporal
124	-55.98521423339844	25.584997177124023	-6.598518371582031	n/a	ctx-lh-parstriangularis
125	-54.0069694519043	25.3524169921875	-12.374296188354492	n/a	ctx-lh-parsorbitalis
126	-50.54213333129883	24.348514556884766	-18.949092864990234	n/a	ctx-lh-parsorbitalis
127	-49.428436279296875	22.064632415771484	-25.90270233154297	n/a	ctx-lh-superiortemporal
128	-46.759178161621094	17.843854904174805	-37.8459587097168	n/a	ctx-lh-temporalpole
129	-40.194217681884766	8.415740966796875	-44.59841537475586	n/a	ctx-lh-temporalpole
130	-33.44115447998047	4.299068927764893	-47.20755386352539	n/a	ctx-lh-fusiform
131	-14.24509048461914	69.16836547851562	-7.72280216217041	n/a	ctx-lh-frontalpole
132	-24.256006240844727	66.69963073730469	-6.841243267059326	n/a	ctx-lh-rostralmiddlefrontal
133	-33.22523880004883	62.48938751220703	-6.753019332885742	n/a	ctx-lh-rostralmiddlefrontal
134	-42.93504333496094	57.41884994506836	-3.3510656356811523	n/a	ctx-lh-parsorbitalis
